"Date","BitcoinTransactions"
"2013-01-01",38986
"2013-01-02",39433
"2013-01-03",49926
"2013-01-04",38931
"2013-01-05",39596
"2013-01-06",40860
"2013-01-07",35390
"2013-01-08",38624
"2013-01-09",51393
"2013-01-10",54662
"2013-01-11",52749
"2013-01-12",46837
"2013-01-13",43799
"2013-01-14",44560
"2013-01-15",52197
"2013-01-16",48021
"2013-01-17",48100
"2013-01-18",56455
"2013-01-19",41636
"2013-01-20",41371
"2013-01-21",40199
"2013-01-22",48267
"2013-01-23",46678
"2013-01-24",46045
"2013-01-25",53420
"2013-01-26",52366
"2013-01-27",52321
"2013-01-28",53617
"2013-01-29",51703
"2013-01-30",46104
"2013-01-31",56756
"2013-02-01",59382
"2013-02-02",56212
"2013-02-03",57480
"2013-02-04",55005
"2013-02-05",44783
"2013-02-06",58215
"2013-02-07",61237
"2013-02-08",50847
"2013-02-09",57363
"2013-02-10",56443
"2013-02-11",58851
"2013-02-12",57398
"2013-02-13",59090
"2013-02-14",57505
"2013-02-15",51218
"2013-02-16",51433
"2013-02-17",46318
"2013-02-18",55598
"2013-02-19",54519
"2013-02-20",58996
"2013-02-21",58920
"2013-02-22",62171
"2013-02-23",57795
"2013-02-24",65164
"2013-02-25",67144
"2013-02-26",62952
"2013-02-27",60993
"2013-02-28",63021
"2013-03-01",60659
"2013-03-02",49631
"2013-03-03",54459
"2013-03-04",56039
"2013-03-05",66437
"2013-03-06",62760
"2013-03-07",64814
"2013-03-08",47671
"2013-03-09",55546
"2013-03-10",67610
"2013-03-11",44410
"2013-03-12",48484
"2013-03-13",58832
"2013-03-14",60064
"2013-03-15",62776
"2013-03-16",34164
"2013-03-17",39391
"2013-03-18",43485
"2013-03-19",42579
"2013-03-20",53840
"2013-03-21",55564
"2013-03-22",58002
"2013-03-23",49834
"2013-03-24",51335
"2013-03-25",47247
"2013-03-26",51993
"2013-03-27",53207
"2013-03-28",66205
"2013-03-29",59787
"2013-03-30",59196
"2013-03-31",52469
"2013-04-01",60268
"2013-04-02",63276
"2013-04-03",69048
"2013-04-04",56063
"2013-04-05",61373
"2013-04-06",58820
"2013-04-07",63470
"2013-04-08",61680
"2013-04-09",68820
"2013-04-10",67725
"2013-04-11",68407
"2013-04-12",55361
"2013-04-13",53417
"2013-04-14",55471
"2013-04-15",65797
"2013-04-16",56164
"2013-04-17",56706
"2013-04-18",57863
"2013-04-19",48016
"2013-04-20",48302
"2013-04-21",46737
"2013-04-22",57304
"2013-04-23",61668
"2013-04-24",61214
"2013-04-25",56533
"2013-04-26",55264
"2013-04-27",40986
"2013-04-28",50009
"2013-04-29",51776
"2013-04-30",50437
"2013-05-01",57278
"2013-05-02",55429
"2013-05-03",48349
"2013-05-04",49419
"2013-05-05",50332
"2013-05-06",59215
"2013-05-07",47359
"2013-05-08",50439
"2013-05-09",67937
"2013-05-10",70410
"2013-05-11",73402
"2013-05-12",62190
"2013-05-13",63287
"2013-05-14",66470
"2013-05-15",60543
"2013-05-16",60896
"2013-05-17",58731
"2013-05-18",47090
"2013-05-19",50093
"2013-05-20",48821
"2013-05-21",53981
"2013-05-22",54824
"2013-05-23",59789
"2013-05-24",55836
"2013-05-25",39879
"2013-05-26",40722
"2013-05-27",55138
"2013-05-28",54919
"2013-05-29",55060
"2013-05-30",57616
"2013-05-31",52390
"2013-06-01",54311
"2013-06-02",52048
"2013-06-03",60118
"2013-06-04",57622
"2013-06-05",55918
"2013-06-06",54331
"2013-06-07",52188
"2013-06-08",46237
"2013-06-09",42406
"2013-06-10",45000
"2013-06-11",46417
"2013-06-12",43302
"2013-06-13",43193
"2013-06-14",41531
"2013-06-15",40076
"2013-06-16",42966
"2013-06-17",47025
"2013-06-18",46903
"2013-06-19",47031
"2013-06-20",52994
"2013-06-21",42571
"2013-06-22",44594
"2013-06-23",40963
"2013-06-24",45588
"2013-06-25",44629
"2013-06-26",46797
"2013-06-27",48324
"2013-06-28",49552
"2013-06-29",32994
"2013-06-30",34053
"2013-07-01",39128
"2013-07-02",35351
"2013-07-03",34560
"2013-07-04",35292
"2013-07-05",36979
"2013-07-06",28865
"2013-07-07",30356
"2013-07-08",41777
"2013-07-09",39340
"2013-07-10",39238
"2013-07-11",50045
"2013-07-12",40313
"2013-07-13",37970
"2013-07-14",36738
"2013-07-15",38784
"2013-07-16",39392
"2013-07-17",41257
"2013-07-18",38020
"2013-07-19",36759
"2013-07-20",36884
"2013-07-21",37257
"2013-07-22",39979
"2013-07-23",39963
"2013-07-24",42304
"2013-07-25",42530
"2013-07-26",35987
"2013-07-27",33111
"2013-07-28",37302
"2013-07-29",39998
"2013-07-30",51919
"2013-07-31",49524
"2013-08-01",53174
"2013-08-02",49065
"2013-08-03",45746
"2013-08-04",47903
"2013-08-05",52260
"2013-08-06",54369
"2013-08-07",57036
"2013-08-08",53241
"2013-08-09",49658
"2013-08-10",41059
"2013-08-11",45811
"2013-08-12",50228
"2013-08-13",50484
"2013-08-14",59029
"2013-08-15",58129
"2013-08-16",59253
"2013-08-17",53134
"2013-08-18",56397
"2013-08-19",66539
"2013-08-20",63416
"2013-08-21",60531
"2013-08-22",59969
"2013-08-23",51085
"2013-08-24",51817
"2013-08-25",53528
"2013-08-26",61016
"2013-08-27",62187
"2013-08-28",61525
"2013-08-29",60716
"2013-08-30",62603
"2013-08-31",45578
"2013-09-01",50456
"2013-09-02",51266
"2013-09-03",51136
"2013-09-04",60222
"2013-09-05",60730
"2013-09-06",54231
"2013-09-07",46470
"2013-09-08",46452
"2013-09-09",53551
"2013-09-10",49512
"2013-09-11",49210
"2013-09-12",48362
"2013-09-13",47147
"2013-09-14",43560
"2013-09-15",50391
"2013-09-16",66291
"2013-09-17",67931
"2013-09-18",59004
"2013-09-19",58990
"2013-09-20",58994
"2013-09-21",52686
"2013-09-22",60286
"2013-09-23",65328
"2013-09-24",58150
"2013-09-25",54262
"2013-09-26",57545
"2013-09-27",44660
"2013-09-28",41741
"2013-09-29",41181
"2013-09-30",55320
"2013-10-01",60542
"2013-10-02",61964
"2013-10-03",54796
"2013-10-04",47895
"2013-10-05",45479
"2013-10-06",43235
"2013-10-07",42865
"2013-10-08",45461
"2013-10-09",57769
"2013-10-10",54449
"2013-10-11",51922
"2013-10-12",51248
"2013-10-13",55763
"2013-10-14",57452
"2013-10-15",51947
"2013-10-16",45193
"2013-10-17",46870
"2013-10-18",54639
"2013-10-19",49864
"2013-10-20",49418
"2013-10-21",64906
"2013-10-22",54572
"2013-10-23",55314
"2013-10-24",59853
"2013-10-25",49353
"2013-10-26",47747
"2013-10-27",48635
"2013-10-28",51237
"2013-10-29",49930
"2013-10-30",56476
"2013-10-31",48306
"2013-11-01",45371
"2013-11-02",35815
"2013-11-03",42094
"2013-11-04",45523
"2013-11-05",55035
"2013-11-06",58631
"2013-11-07",60535
"2013-11-08",57804
"2013-11-09",57169
"2013-11-10",57538
"2013-11-11",58510
"2013-11-12",63151
"2013-11-13",64870
"2013-11-14",62100
"2013-11-15",51595
"2013-11-16",47175
"2013-11-17",73198
"2013-11-18",93322
"2013-11-19",92907
"2013-11-20",71024
"2013-11-21",76646
"2013-11-22",76947
"2013-11-23",60018
"2013-11-24",71937
"2013-11-25",71793
"2013-11-26",91169
"2013-11-27",102010
"2013-11-28",98921
"2013-11-29",80868
"2013-11-30",67175
"2013-12-01",73442
"2013-12-02",78202
"2013-12-03",79738
"2013-12-04",79624
"2013-12-05",71277
"2013-12-06",75125
"2013-12-07",67712
"2013-12-08",57289
"2013-12-09",67874
"2013-12-10",67623
"2013-12-11",59677
"2013-12-12",59827
"2013-12-13",60059
"2013-12-14",51885
"2013-12-15",63090
"2013-12-16",69382
"2013-12-17",81656
"2013-12-18",68814
"2013-12-19",70278
"2013-12-20",59140
"2013-12-21",51543
"2013-12-22",52897
"2013-12-23",56872
"2013-12-24",57077
"2013-12-25",55428
"2013-12-26",55170
"2013-12-27",47777
"2013-12-28",48009
"2013-12-29",56501
"2013-12-30",52382
"2013-12-31",48847
"2014-01-01",48424
"2014-01-02",63821
"2014-01-03",60980
"2014-01-04",55761
"2014-01-05",67597
"2014-01-06",67358
"2014-01-07",62884
"2014-01-08",58365
"2014-01-09",59031
"2014-01-10",56464
"2014-01-11",49308
"2014-01-12",50537
"2014-01-13",55579
"2014-01-14",60392
"2014-01-15",61612
"2014-01-16",58397
"2014-01-17",53290
"2014-01-18",51573
"2014-01-19",58819
"2014-01-20",71521
"2014-01-21",72577
"2014-01-22",63527
"2014-01-23",67893
"2014-01-24",65600
"2014-01-25",51630
"2014-01-26",60746
"2014-01-27",64374
"2014-01-28",61786
"2014-01-29",60919
"2014-01-30",60799
"2014-01-31",56840
"2014-02-01",50400
"2014-02-02",52483
"2014-02-03",65812
"2014-02-04",67952
"2014-02-05",67529
"2014-02-06",71870
"2014-02-07",64069
"2014-02-08",65009
"2014-02-09",67622
"2014-02-10",62872
"2014-02-11",67229
"2014-02-12",66888
"2014-02-13",76660
"2014-02-14",74889
"2014-02-15",56785
"2014-02-16",57119
"2014-02-17",60853
"2014-02-18",66351
"2014-02-19",71666
"2014-02-20",71144
"2014-02-21",59691
"2014-02-22",58632
"2014-02-23",60198
"2014-02-24",84004
"2014-02-25",71527
"2014-02-26",71897
"2014-02-27",71658
"2014-02-28",63344
"2014-03-01",63402
"2014-03-02",72585
"2014-03-03",85916
"2014-03-04",84600
"2014-03-05",71619
"2014-03-06",69559
"2014-03-07",72345
"2014-03-08",61289
"2014-03-09",66786
"2014-03-10",70884
"2014-03-11",76019
"2014-03-12",75356
"2014-03-13",72805
"2014-03-14",65898
"2014-03-15",58730
"2014-03-16",59332
"2014-03-17",57881
"2014-03-18",67419
"2014-03-19",73804
"2014-03-20",73981
"2014-03-21",69139
"2014-03-22",66673
"2014-03-23",67382
"2014-03-24",72484
"2014-03-25",71883
"2014-03-26",70940
"2014-03-27",69155
"2014-03-28",67079
"2014-03-29",55333
"2014-03-30",63096
"2014-03-31",65448
"2014-04-01",66756
"2014-04-02",67292
"2014-04-03",67075
"2014-04-04",59610
"2014-04-05",47456
"2014-04-06",50010
"2014-04-07",70101
"2014-04-08",64278
"2014-04-09",65153
"2014-04-10",66874
"2014-04-11",51907
"2014-04-12",47740
"2014-04-13",64331
"2014-04-14",74882
"2014-04-15",72809
"2014-04-16",67212
"2014-04-17",56600
"2014-04-18",56996
"2014-04-19",49394
"2014-04-20",57961
"2014-04-21",58110
"2014-04-22",72147
"2014-04-23",67659
"2014-04-24",72694
"2014-04-25",58437
"2014-04-26",50392
"2014-04-27",52629
"2014-04-28",64207
"2014-04-29",63947
"2014-04-30",63657
"2014-05-01",60401
"2014-05-02",56112
"2014-05-03",54157
"2014-05-04",63433
"2014-05-05",76736
"2014-05-06",77228
"2014-05-07",68393
"2014-05-08",67693
"2014-05-09",66293
"2014-05-10",51666
"2014-05-11",70064
"2014-05-12",74418
"2014-05-13",70031
"2014-05-14",72761
"2014-05-15",74893
"2014-05-16",55577
"2014-05-17",50661
"2014-05-18",49912
"2014-05-19",69552
"2014-05-20",71120
"2014-05-21",68905
"2014-05-22",74593
"2014-05-23",58146
"2014-05-24",52872
"2014-05-25",65795
"2014-05-26",67040
"2014-05-27",68524
"2014-05-28",65930
"2014-05-29",66935
"2014-05-30",65127
"2014-05-31",52976
"2014-06-01",61179
"2014-06-02",64434
"2014-06-03",66435
"2014-06-04",66695
"2014-06-05",66945
"2014-06-06",53216
"2014-06-07",47730
"2014-06-08",48308
"2014-06-09",65460
"2014-06-10",61611
"2014-06-11",62827
"2014-06-12",65091
"2014-06-13",58961
"2014-06-14",53596
"2014-06-15",65347
"2014-06-16",67270
"2014-06-17",70077
"2014-06-18",62320
"2014-06-19",59884
"2014-06-20",57381
"2014-06-21",50429
"2014-06-22",56648
"2014-06-23",60216
"2014-06-24",63760
"2014-06-25",62354
"2014-06-26",61432
"2014-06-27",56883
"2014-06-28",52251
"2014-06-29",49922
"2014-06-30",71054
"2014-07-01",67724
"2014-07-02",66728
"2014-07-03",61901
"2014-07-04",48515
"2014-07-05",49954
"2014-07-06",59986
"2014-07-07",70042
"2014-07-08",70117
"2014-07-09",64146
"2014-07-10",59949
"2014-07-11",59077
"2014-07-12",53123
"2014-07-13",59877
"2014-07-14",62761
"2014-07-15",67767
"2014-07-16",68638
"2014-07-17",66233
"2014-07-18",58490
"2014-07-19",54742
"2014-07-20",52001
"2014-07-21",66921
"2014-07-22",68901
"2014-07-23",66883
"2014-07-24",63135
"2014-07-25",57528
"2014-07-26",56333
"2014-07-27",59561
"2014-07-28",64697
"2014-07-29",61607
"2014-07-30",67721
"2014-07-31",69283
"2014-08-01",67915
"2014-08-02",52550
"2014-08-03",63052
"2014-08-04",67847
"2014-08-05",78820
"2014-08-06",70732
"2014-08-07",69913
"2014-08-08",62960
"2014-08-09",58486
"2014-08-10",57913
"2014-08-11",78844
"2014-08-12",75011
"2014-08-13",75738
"2014-08-14",69698
"2014-08-15",75339
"2014-08-16",67974
"2014-08-17",67980
"2014-08-18",75458
"2014-08-19",74740
"2014-08-20",75470
"2014-08-21",68234
"2014-08-22",66998
"2014-08-23",55023
"2014-08-24",66411
"2014-08-25",69894
"2014-08-26",74318
"2014-08-27",69208
"2014-08-28",68628
"2014-08-29",63834
"2014-08-30",59751
"2014-08-31",57755
"2014-09-01",71539
"2014-09-02",72036
"2014-09-03",71868
"2014-09-04",67048
"2014-09-05",67529
"2014-09-06",63369
"2014-09-07",71754
"2014-09-08",79868
"2014-09-09",81812
"2014-09-10",67673
"2014-09-11",66303
"2014-09-12",68384
"2014-09-13",66033
"2014-09-14",74142
"2014-09-15",78666
"2014-09-16",79784
"2014-09-17",79754
"2014-09-18",77364
"2014-09-19",62315
"2014-09-20",63151
"2014-09-21",59800
"2014-09-22",71140
"2014-09-23",81104
"2014-09-24",74974
"2014-09-25",73278
"2014-09-26",66942
"2014-09-27",62973
"2014-09-28",73283
"2014-09-29",78590
"2014-09-30",78006
"2014-10-01",74630
"2014-10-02",72698
"2014-10-03",75121
"2014-10-04",66673
"2014-10-05",75126
"2014-10-06",78049
"2014-10-07",80324
"2014-10-08",78944
"2014-10-09",82789
"2014-10-10",65724
"2014-10-11",63946
"2014-10-12",63509
"2014-10-13",81491
"2014-10-14",77131
"2014-10-15",76257
"2014-10-16",71826
"2014-10-17",69474
"2014-10-18",66477
"2014-10-19",78443
"2014-10-20",81421
"2014-10-21",81651
"2014-10-22",79173
"2014-10-23",81643
"2014-10-24",77906
"2014-10-25",70537
"2014-10-26",80135
"2014-10-27",83977
"2014-10-28",90268
"2014-10-29",93338
"2014-10-30",92622
"2014-10-31",74548
"2014-11-01",75827
"2014-11-02",77170
"2014-11-03",90386
"2014-11-04",89249
"2014-11-05",89460
"2014-11-06",89542
"2014-11-07",75950
"2014-11-08",72717
"2014-11-09",84819
"2014-11-10",87338
"2014-11-11",85618
"2014-11-12",100117
"2014-11-13",88631
"2014-11-14",86307
"2014-11-15",73338
"2014-11-16",85201
"2014-11-17",88354
"2014-11-18",87321
"2014-11-19",85497
"2014-11-20",89388
"2014-11-21",77832
"2014-11-22",75041
"2014-11-23",77283
"2014-11-24",82813
"2014-11-25",90019
"2014-11-26",85111
"2014-11-27",85987
"2014-11-28",81452
"2014-11-29",79098
"2014-11-30",95220
"2014-12-01",100786
"2014-12-02",99419
"2014-12-03",100829
"2014-12-04",92900
"2014-12-05",90900
"2014-12-06",77357
"2014-12-07",84498
"2014-12-08",90746
"2014-12-09",90695
"2014-12-10",85829
"2014-12-11",84005
"2014-12-12",79512
"2014-12-13",73926
"2014-12-14",79703
"2014-12-15",98790
"2014-12-16",93704
"2014-12-17",98444
"2014-12-18",92052
"2014-12-19",91493
"2014-12-20",86901
"2014-12-21",89437
"2014-12-22",99770
"2014-12-23",99469
"2014-12-24",70684
"2014-12-25",71700
"2014-12-26",76198
"2014-12-27",74773
"2014-12-28",79812
"2014-12-29",83447
"2014-12-30",83768
"2014-12-31",58963
"2015-01-01",59344
"2015-01-02",82832
"2015-01-03",85570
"2015-01-04",85694
"2015-01-05",87160
"2015-01-06",92912
"2015-01-07",89916
"2015-01-08",105211
"2015-01-09",105895
"2015-01-10",104874
"2015-01-11",98185
"2015-01-12",99090
"2015-01-13",102309
"2015-01-14",115787
"2015-01-15",112530
"2015-01-16",104699
"2015-01-17",87047
"2015-01-18",94096
"2015-01-19",98485
"2015-01-20",100251
"2015-01-21",94979
"2015-01-22",93698
"2015-01-23",89630
"2015-01-24",82358
"2015-01-25",86558
"2015-01-26",99035
"2015-01-27",89287
"2015-01-28",85232
"2015-01-29",86360
"2015-01-30",83762
"2015-01-31",86312
"2015-02-01",83230
"2015-02-02",93499
"2015-02-03",91793
"2015-02-04",90028
"2015-02-05",83440
"2015-02-06",85705
"2015-02-07",82716
"2015-02-08",95860
"2015-02-09",104758
"2015-02-10",98701
"2015-02-11",93868
"2015-02-12",87427
"2015-02-13",107004
"2015-02-14",85355
"2015-02-15",85267
"2015-02-16",98899
"2015-02-17",104555
"2015-02-18",105719
"2015-02-19",96709
"2015-02-20",92541
"2015-02-21",87827
"2015-02-22",96936
"2015-02-23",104463
"2015-02-24",105125
"2015-02-25",101348
"2015-02-26",103395
"2015-02-27",101474
"2015-02-28",86274
"2015-03-01",102935
"2015-03-02",104937
"2015-03-03",104846
"2015-03-04",96611
"2015-03-05",101115
"2015-03-06",94270
"2015-03-07",86526
"2015-03-08",87527
"2015-03-09",112347
"2015-03-10",102856
"2015-03-11",100765
"2015-03-12",96745
"2015-03-13",88828
"2015-03-14",89511
"2015-03-15",97794
"2015-03-16",104238
"2015-03-17",99561
"2015-03-18",102414
"2015-03-19",103109
"2015-03-20",103532
"2015-03-21",84331
"2015-03-22",106330
"2015-03-23",106019
"2015-03-24",93930
"2015-03-25",98391
"2015-03-26",101181
"2015-03-27",90053
"2015-03-28",87456
"2015-03-29",90516
"2015-03-30",105294
"2015-03-31",126590
"2015-04-01",119343
"2015-04-02",103760
"2015-04-03",94152
"2015-04-04",89651
"2015-04-05",100949
"2015-04-06",111786
"2015-04-07",108714
"2015-04-08",117822
"2015-04-09",114091
"2015-04-10",112826
"2015-04-11",88884
"2015-04-12",105282
"2015-04-13",115407
"2015-04-14",105461
"2015-04-15",104063
"2015-04-16",99046
"2015-04-17",100484
"2015-04-18",86313
"2015-04-19",91134
"2015-04-20",114061
"2015-04-21",113657
"2015-04-22",111878
"2015-04-23",110568
"2015-04-24",100790
"2015-04-25",98465
"2015-04-26",109382
"2015-04-27",112434
"2015-04-28",113193
"2015-04-29",114070
"2015-04-30",105236
"2015-05-01",99560
"2015-05-02",86037
"2015-05-03",94120
"2015-05-04",104000
"2015-05-05",113496
"2015-05-06",113420
"2015-05-07",111125
"2015-05-08",98717
"2015-05-09",90054
"2015-05-10",89409
"2015-05-11",114424
"2015-05-12",108615
"2015-05-13",108858
"2015-05-14",107882
"2015-05-15",93025
"2015-05-16",90686
"2015-05-17",97915
"2015-05-18",106503
"2015-05-19",107346
"2015-05-20",99962
"2015-05-21",100591
"2015-05-22",102770
"2015-05-23",87996
"2015-05-24",105519
"2015-05-25",106086
"2015-05-26",108558
"2015-05-27",109786
"2015-05-28",110980
"2015-05-29",132907
"2015-05-30",96037
"2015-05-31",98784
"2015-06-01",133489
"2015-06-02",125399
"2015-06-03",127600
"2015-06-04",109700
"2015-06-05",102005
"2015-06-06",92696
"2015-06-07",94037
"2015-06-08",115633
"2015-06-09",121638
"2015-06-10",125147
"2015-06-11",125022
"2015-06-12",126945
"2015-06-13",100512
"2015-06-14",122279
"2015-06-15",129389
"2015-06-16",133747
"2015-06-17",122001
"2015-06-18",124929
"2015-06-19",114779
"2015-06-20",91203
"2015-06-21",96654
"2015-06-22",128795
"2015-06-23",114471
"2015-06-24",113093
"2015-06-25",115640
"2015-06-26",108876
"2015-06-27",106004
"2015-06-28",117119
"2015-06-29",149003
"2015-06-30",155869
"2015-07-01",135567
"2015-07-02",138811
"2015-07-03",129719
"2015-07-04",101714
"2015-07-05",151741
"2015-07-06",174070
"2015-07-07",200420
"2015-07-08",187202
"2015-07-09",191163
"2015-07-10",171652
"2015-07-11",204729
"2015-07-12",208685
"2015-07-13",119707
"2015-07-14",122340
"2015-07-15",115570
"2015-07-16",118048
"2015-07-17",120617
"2015-07-18",130695
"2015-07-19",112440
"2015-07-20",123367
"2015-07-21",133785
"2015-07-22",111582
"2015-07-23",109852
"2015-07-24",109918
"2015-07-25",89650
"2015-07-26",111331
"2015-07-27",115226
"2015-07-28",136195
"2015-07-29",133697
"2015-07-30",123577
"2015-07-31",163175
"2015-08-01",98976
"2015-08-02",103600
"2015-08-03",132719
"2015-08-04",130246
"2015-08-05",133758
"2015-08-06",124658
"2015-08-07",104420
"2015-08-08",101512
"2015-08-09",110686
"2015-08-10",116923
"2015-08-11",114741
"2015-08-12",118336
"2015-08-13",107950
"2015-08-14",111255
"2015-08-15",86583
"2015-08-16",86583
"2015-08-17",115049
"2015-08-18",120131
"2015-08-19",122864
"2015-08-20",118230
"2015-08-21",116311
"2015-08-22",107795
"2015-08-23",94529
"2015-08-24",117026
"2015-08-25",125060
"2015-08-26",122852
"2015-08-27",116334
"2015-08-28",121692
"2015-08-29",107489
"2015-08-30",92338
"2015-08-31",117985
"2015-09-01",130410
"2015-09-02",137743
"2015-09-03",137446
"2015-09-04",103973
"2015-09-05",137427
"2015-09-06",106101
"2015-09-07",125467
"2015-09-08",126751
"2015-09-09",128619
"2015-09-10",124951
"2015-09-11",165288
"2015-09-12",153538
"2015-09-13",146048
"2015-09-14",163531
"2015-09-15",165993
"2015-09-16",167269
"2015-09-17",241346
"2015-09-18",188330
"2015-09-19",114851
"2015-09-20",105933
"2015-09-21",124667
"2015-09-22",136784
"2015-09-23",134964
"2015-09-24",124822
"2015-09-25",128166
"2015-09-26",107256
"2015-09-27",130885
"2015-09-28",138570
"2015-09-29",141351
"2015-09-30",135885
"2015-10-01",134327
"2015-10-02",132880
"2015-10-03",100858
"2015-10-04",103531
"2015-10-05",142346
"2015-10-06",139516
"2015-10-07",134931
"2015-10-08",119490
"2015-10-09",128618
"2015-10-10",127005
"2015-10-11",126927
"2015-10-12",133757
"2015-10-13",134878
"2015-10-14",157228
"2015-10-15",143885
"2015-10-16",143286
"2015-10-17",120858
"2015-10-18",120858
"2015-10-19",143969
"2015-10-20",138080
"2015-10-21",161031
"2015-10-22",147402
"2015-10-23",146222
"2015-10-24",140827
"2015-10-25",131488
"2015-10-26",126041
"2015-10-27",141609
"2015-10-28",160175
"2015-10-29",165622
"2015-10-30",164938
"2015-10-31",155400
"2015-11-01",156648
"2015-11-02",159656
"2015-11-03",186362
"2015-11-04",211121
"2015-11-05",189326
"2015-11-06",166893
"2015-11-07",161595
"2015-11-08",134785
"2015-11-09",159836
"2015-11-10",154030
"2015-11-11",171159
"2015-11-12",157847
"2015-11-13",156988
"2015-11-14",156065
"2015-11-15",143369
"2015-11-16",150942
"2015-11-17",158254
"2015-11-18",165269
"2015-11-19",154561
"2015-11-20",155128
"2015-11-21",151035
"2015-11-22",126564
"2015-11-23",142698
"2015-11-24",152324
"2015-11-25",152463
"2015-11-26",164730
"2015-11-27",160235
"2015-11-28",171602
"2015-11-29",130758
"2015-11-30",182648
"2015-12-01",184404
"2015-12-02",177277
"2015-12-03",164774
"2015-12-04",200213
"2015-12-05",179777
"2015-12-06",179712
"2015-12-07",185788
"2015-12-08",192097
"2015-12-09",220323
"2015-12-10",211452
"2015-12-11",211198
"2015-12-12",204141
"2015-12-13",186151
"2015-12-14",221499
"2015-12-15",223998
"2015-12-16",222531
"2015-12-17",219600
"2015-12-18",213847
"2015-12-19",216944
"2015-12-20",191441
"2015-12-21",229444
"2015-12-22",223130
"2015-12-23",221289
"2015-12-24",210228
"2015-12-25",184124
"2015-12-26",170904
"2015-12-27",160271
"2015-12-28",166837
"2015-12-29",187040
"2015-12-30",176447
"2015-12-31",164132
"2016-01-01",123623
"2016-01-02",149038
"2016-01-03",141064
"2016-01-04",170176
"2016-01-05",182371
"2016-01-06",177478
"2016-01-07",177873
"2016-01-08",181407
"2016-01-09",178374
"2016-01-10",164687
"2016-01-11",191196
"2016-01-12",196656
"2016-01-13",191628
"2016-01-14",183182
"2016-01-15",185105
"2016-01-16",190301
"2016-01-17",204128
"2016-01-18",213934
"2016-01-19",205735
"2016-01-20",209071
"2016-01-21",210240
"2016-01-22",226106
"2016-01-23",190400
"2016-01-24",193572
"2016-01-25",210592
"2016-01-26",230523
"2016-01-27",226385
"2016-01-28",231454
"2016-01-29",224394
"2016-01-30",209984
"2016-01-31",168625
"2016-02-01",222398
"2016-02-02",231998
"2016-02-03",200087
"2016-02-04",200661
"2016-02-05",215910
"2016-02-06",232752
"2016-02-07",212190
"2016-02-08",220559
"2016-02-09",230799
"2016-02-10",235527
"2016-02-11",227463
"2016-02-12",202906
"2016-02-13",184675
"2016-02-14",188927
"2016-02-15",207397
"2016-02-16",215940
"2016-02-17",227403
"2016-02-18",212765
"2016-02-19",217436
"2016-02-20",225259
"2016-02-21",209276
"2016-02-22",237696
"2016-02-23",246578
"2016-02-24",225112
"2016-02-25",216290
"2016-02-26",209880
"2016-02-27",182423
"2016-02-28",233436
"2016-02-29",265695
"2016-03-01",260619
"2016-03-02",270206
"2016-03-03",221257
"2016-03-04",212104
"2016-03-05",234992
"2016-03-06",171486
"2016-03-07",183530
"2016-03-08",200298
"2016-03-09",187623
"2016-03-10",192611
"2016-03-11",189816
"2016-03-12",141116
"2016-03-13",187401
"2016-03-14",191341
"2016-03-15",197677
"2016-03-16",215973
"2016-03-17",208319
"2016-03-18",203578
"2016-03-19",188863
"2016-03-20",178143
"2016-03-21",189228
"2016-03-22",210488
"2016-03-23",186808
"2016-03-24",194985
"2016-03-25",173609
"2016-03-26",159049
"2016-03-27",161486
"2016-03-28",181300
"2016-03-29",197409
"2016-03-30",207906
"2016-03-31",208976
"2016-04-01",211922
"2016-04-02",196651
"2016-04-03",176722
"2016-04-04",208929
"2016-04-05",216684
"2016-04-06",218585
"2016-04-07",218463
"2016-04-08",215441
"2016-04-09",207555
"2016-04-10",186954
"2016-04-11",217378
"2016-04-12",240200
"2016-04-13",223506
"2016-04-14",230281
"2016-04-15",216850
"2016-04-16",182004
"2016-04-17",191478
"2016-04-18",203165
"2016-04-19",226511
"2016-04-20",216780
"2016-04-21",212795
"2016-04-22",210976
"2016-04-23",185216
"2016-04-24",183155
"2016-04-25",217564
"2016-04-26",250744
"2016-04-27",239435
"2016-04-28",247957
"2016-04-29",261884
"2016-04-30",215712
"2016-05-01",191430
"2016-05-02",223785
"2016-05-03",235609
"2016-05-04",233691
"2016-05-05",229580
"2016-05-06",233232
"2016-05-07",202062
"2016-05-08",185562
"2016-05-09",226451
"2016-05-10",245721
"2016-05-11",234412
"2016-05-12",228409
"2016-05-13",232146
"2016-05-14",211280
"2016-05-15",200171
"2016-05-16",239809
"2016-05-17",238626
"2016-05-18",235084
"2016-05-19",219145
"2016-05-20",209396
"2016-05-21",191461
"2016-05-22",184348
"2016-05-23",222755
"2016-05-24",246517
"2016-05-25",247841
"2016-05-26",220093
"2016-05-27",215296
"2016-05-28",193054
"2016-05-29",178742
"2016-05-30",211369
"2016-05-31",215249
"2016-06-01",234385
"2016-06-02",231099
"2016-06-03",234669
"2016-06-04",196665
"2016-06-05",190528
"2016-06-06",221171
"2016-06-07",248576
"2016-06-08",229933
"2016-06-09",236353
"2016-06-10",228367
"2016-06-11",213159
"2016-06-12",210711
"2016-06-13",251354
"2016-06-14",247632
"2016-06-15",259202
"2016-06-16",267870
"2016-06-17",253752
"2016-06-18",235317
"2016-06-19",218298
"2016-06-20",249334
"2016-06-21",248164
"2016-06-22",235641
"2016-06-23",241300
"2016-06-24",237625
"2016-06-25",210998
"2016-06-26",183755
"2016-06-27",217029
"2016-06-28",213058
"2016-06-29",224112
"2016-06-30",231960
"2016-07-01",210409
"2016-07-02",198875
"2016-07-03",177127
"2016-07-04",213900
"2016-07-05",214959
"2016-07-06",214691
"2016-07-07",216812
"2016-07-08",210701
"2016-07-09",185405
"2016-07-10",162608
"2016-07-11",218089
"2016-07-12",219034
"2016-07-13",218093
"2016-07-14",220655
"2016-07-15",216081
"2016-07-16",182192
"2016-07-17",171013
"2016-07-18",222835
"2016-07-19",222146
"2016-07-20",227429
"2016-07-21",217606
"2016-07-22",221404
"2016-07-23",195796
"2016-07-24",183890
"2016-07-25",240533
"2016-07-26",237673
"2016-07-27",235603
"2016-07-28",236946
"2016-07-29",231414
"2016-07-30",199484
"2016-07-31",192254
"2016-08-01",225049
"2016-08-02",251098
"2016-08-03",245549
"2016-08-04",231835
"2016-08-05",228244
"2016-08-06",196551
"2016-08-07",192414
"2016-08-08",235295
"2016-08-09",233704
"2016-08-10",245581
"2016-08-11",254515
"2016-08-12",232973
"2016-08-13",217257
"2016-08-14",200174
"2016-08-15",202896
"2016-08-16",256447
"2016-08-17",238003
"2016-08-18",239541
"2016-08-19",246095
"2016-08-20",208224
"2016-08-21",184904
"2016-08-22",229801
"2016-08-23",239021
"2016-08-24",237956
"2016-08-25",234009
"2016-08-26",226767
"2016-08-27",191098
"2016-08-28",174489
"2016-08-29",225282
"2016-08-30",254486
"2016-08-31",226377
"2016-09-01",237466
"2016-09-02",225856
"2016-09-03",182204
"2016-09-04",183244
"2016-09-05",227683
"2016-09-06",232118
"2016-09-07",250809
"2016-09-08",227006
"2016-09-09",222094
"2016-09-10",193320
"2016-09-11",180391
"2016-09-12",208649
"2016-09-13",239886
"2016-09-14",231800
"2016-09-15",233488
"2016-09-16",211128
"2016-09-17",215529
"2016-09-18",191603
"2016-09-19",223540
"2016-09-20",247987
"2016-09-21",239216
"2016-09-22",231227
"2016-09-23",223187
"2016-09-24",210510
"2016-09-25",195642
"2016-09-26",230769
"2016-09-27",243008
"2016-09-28",234995
"2016-09-29",242730
"2016-09-30",250943
"2016-10-01",213930
"2016-10-02",192683
"2016-10-03",260813
"2016-10-04",264662
"2016-10-05",266811
"2016-10-06",274486
"2016-10-07",266324
"2016-10-08",250672
"2016-10-09",210548
"2016-10-10",222996
"2016-10-11",263565
"2016-10-12",235664
"2016-10-13",229703
"2016-10-14",239724
"2016-10-15",210448
"2016-10-16",197876
"2016-10-17",237232
"2016-10-18",251521
"2016-10-19",199083
"2016-10-20",270380
"2016-10-21",265355
"2016-10-22",216708
"2016-10-23",191578
"2016-10-24",226980
"2016-10-25",237030
"2016-10-26",225924
"2016-10-27",326388
"2016-10-28",250876
"2016-10-29",229689
"2016-10-30",209337
"2016-10-31",241778
"2016-11-01",246650
"2016-11-02",268418
"2016-11-03",271998
"2016-11-04",248043
"2016-11-05",242032
"2016-11-06",225786
"2016-11-07",274281
"2016-11-08",296060
"2016-11-09",270095
"2016-11-10",271374
"2016-11-11",254619
"2016-11-12",228886
"2016-11-13",221328
"2016-11-14",270506
"2016-11-15",280352
"2016-11-16",291186
"2016-11-17",277460
"2016-11-18",275925
"2016-11-19",249760
"2016-11-20",246537
"2016-11-21",285793
"2016-11-22",285635
"2016-11-23",276924
"2016-11-24",328538
"2016-11-25",315387
"2016-11-26",279374
"2016-11-27",237389
"2016-11-28",298530
"2016-11-29",294140
"2016-11-30",292654
"2016-12-01",239682
"2016-12-02",318263
"2016-12-03",287988
"2016-12-04",245650
"2016-12-05",278001
"2016-12-06",319762
"2016-12-07",311361
"2016-12-08",282711
"2016-12-09",268815
"2016-12-10",250241
"2016-12-11",268662
"2016-12-12",268662
"2016-12-13",291757
"2016-12-14",286328
"2016-12-15",282685
"2016-12-16",279361
"2016-12-17",239034
"2016-12-18",235789
"2016-12-19",284852
"2016-12-20",296473
"2016-12-21",325677
"2016-12-22",314644
"2016-12-23",304997
"2016-12-24",240820
"2016-12-25",199614
"2016-12-26",244914
"2016-12-27",296546
"2016-12-28",305394
"2016-12-29",304605
"2016-12-30",286818
"2016-12-31",250273
"2017-01-01",180502
"2017-01-02",290951
"2017-01-03",301664
"2017-01-04",330164
"2017-01-05",288501
"2017-01-06",346405
"2017-01-07",284719
"2017-01-08",260101
"2017-01-09",269947
"2017-01-10",323888
"2017-01-11",303058
"2017-01-12",297756
"2017-01-13",275149
"2017-01-14",242269
"2017-01-15",235999
"2017-01-16",267640
"2017-01-17",292697
"2017-01-18",298751
"2017-01-19",300605
"2017-01-20",298377
"2017-01-21",263562
"2017-01-22",236886
"2017-01-23",235530
"2017-01-24",278177
"2017-01-25",305961
"2017-01-26",313755
"2017-01-27",263332
"2017-01-28",246395
"2017-01-29",241627
"2017-01-30",250829
"2017-01-31",307683
"2017-02-01",350560
"2017-02-02",259559
"2017-02-03",323563
"2017-02-04",284778
"2017-02-05",292101
"2017-02-06",230027
"2017-02-07",325268
"2017-02-08",308316
"2017-02-09",346544
"2017-02-10",301789
"2017-02-11",262686
"2017-02-12",238182
"2017-02-13",288290
"2017-02-14",315084
"2017-02-15",294786
"2017-02-16",283203
"2017-02-17",319767
"2017-02-18",288149
"2017-02-19",251721
"2017-02-20",282728
"2017-02-21",279090
"2017-02-22",282194
"2017-02-23",325913
"2017-02-24",350751
"2017-02-25",326521
"2017-02-26",265203
"2017-02-27",284555
"2017-02-28",325414
"2017-03-01",315883
"2017-03-02",329428
"2017-03-03",337310
"2017-03-04",268875
"2017-03-05",280739
"2017-03-06",287731
"2017-03-07",327902
"2017-03-08",297108
"2017-03-09",303632
"2017-03-10",308482
"2017-03-11",280681
"2017-03-12",221110
"2017-03-13",273079
"2017-03-14",310395
"2017-03-15",292434
"2017-03-16",327034
"2017-03-17",292196
"2017-03-18",263530
"2017-03-19",271239
"2017-03-20",277033
"2017-03-21",288055
"2017-03-22",320713
"2017-03-23",287871
"2017-03-24",289521
"2017-03-25",242975
"2017-03-26",221915
"2017-03-27",232291
"2017-03-28",294001
"2017-03-29",283931
"2017-03-30",288788
"2017-03-31",259403
"2017-04-01",255871
"2017-04-02",244203
"2017-04-03",288141
"2017-04-04",256015
"2017-04-05",316555
"2017-04-06",290465
"2017-04-07",295463
"2017-04-08",226959
"2017-04-09",238286
"2017-04-10",275496
"2017-04-11",307893
"2017-04-12",278093
"2017-04-13",228679
"2017-04-14",290208
"2017-04-15",271976
"2017-04-16",211829
"2017-04-17",245184
"2017-04-18",303091
"2017-04-19",310104
"2017-04-20",267915
"2017-04-21",330354
"2017-04-22",268712
"2017-04-23",245039
"2017-04-24",222671
"2017-04-25",325387
"2017-04-26",334471
"2017-04-27",297884
"2017-04-28",305271
"2017-04-29",341319
"2017-04-30",281489
"2017-05-01",294786
"2017-05-02",333161
"2017-05-03",295149
"2017-05-04",354737
"2017-05-05",267193
"2017-05-06",363022
"2017-05-07",316011
"2017-05-08",365096
"2017-05-09",332879
"2017-05-10",311391
"2017-05-11",294743
"2017-05-12",317698
"2017-05-13",329266
"2017-05-14",369098
"2017-05-15",329229
"2017-05-16",233977
"2017-05-17",317527
"2017-05-18",288904
"2017-05-19",319502
"2017-05-20",352805
"2017-05-21",326057
"2017-05-22",327868
"2017-05-23",367710
"2017-05-24",338642
"2017-05-25",350114
"2017-05-26",333340
"2017-05-27",331914
"2017-05-28",308143
"2017-05-29",321638
"2017-05-30",347961
"2017-05-31",321634
"2017-06-01",319709
"2017-06-02",271539
"2017-06-03",305320
"2017-06-04",266044
"2017-06-05",289930
"2017-06-06",297416
"2017-06-07",339720
"2017-06-08",307377
"2017-06-09",282184
"2017-06-10",254993
"2017-06-11",222892
"2017-06-12",269098
"2017-06-13",291776
"2017-06-14",287644
"2017-06-15",293141
"2017-06-16",269937
"2017-06-17",236554
"2017-06-18",209359
"2017-06-19",269774
"2017-06-20",269438
"2017-06-21",280203
"2017-06-22",269685
"2017-06-23",259938
"2017-06-24",227127
"2017-06-25",180719
"2017-06-26",261906
"2017-06-27",259737
"2017-06-28",279811
"2017-06-29",231054
"2017-06-30",267360
"2017-07-01",221856
"2017-07-02",253244
"2017-07-03",253244
"2017-07-04",255483
"2017-07-05",237008
"2017-07-06",225106
"2017-07-07",243614
"2017-07-08",220835
"2017-07-09",188124
"2017-07-10",251722
"2017-07-11",265759
"2017-07-12",257138
"2017-07-13",245895
"2017-07-14",227903
"2017-07-15",221851
"2017-07-16",203165
"2017-07-17",230315
"2017-07-18",260575
"2017-07-19",253768
"2017-07-20",230199
"2017-07-21",268443
"2017-07-22",223358
"2017-07-23",181031
"2017-07-24",240072
"2017-07-25",244036
"2017-07-26",237853
"2017-07-27",225369
"2017-07-28",247207
"2017-07-29",211134
"2017-07-30",184145
"2017-07-31",231012
"2017-08-01",131875
"2017-08-02",209321
"2017-08-03",213017
"2017-08-04",235792
"2017-08-05",239771
"2017-08-06",199627
"2017-08-07",249002
"2017-08-08",275574
"2017-08-09",260955
"2017-08-10",257965
"2017-08-11",284001
"2017-08-12",260521
"2017-08-13",263310
"2017-08-14",255362
"2017-08-15",311002
"2017-08-16",274866
"2017-08-17",347319
"2017-08-18",312250
"2017-08-19",266832
"2017-08-20",210852
"2017-08-21",236772
"2017-08-22",196283
"2017-08-23",315734
"2017-08-24",203805
"2017-08-25",208169
"2017-08-26",226485
"2017-08-27",261891
"2017-08-28",223771
"2017-08-29",281116
"2017-08-30",271466
"2017-08-31",280724
"2017-09-01",283670
"2017-09-02",236811
"2017-09-03",195289
"2017-09-04",269280
"2017-09-05",277948
"2017-09-06",276225
"2017-09-07",256374
"2017-09-08",279488
"2017-09-09",217890
"2017-09-10",193240
"2017-09-11",253492
"2017-09-12",256230
"2017-09-13",263320
"2017-09-14",268068
"2017-09-15",292079
"2017-09-16",228257
"2017-09-17",197683
"2017-09-18",218204
"2017-09-19",282917
"2017-09-20",235723
"2017-09-21",255257
"2017-09-22",227615
"2017-09-23",203861
"2017-09-24",185277
"2017-09-25",226603
"2017-09-26",263648
"2017-09-27",257961
"2017-09-28",275976
"2017-09-29",254438
"2017-09-30",212678
"2017-10-01",203653
"2017-10-02",295002
"2017-10-03",282132
"2017-10-04",232826
"2017-10-05",273243
"2017-10-06",283699
"2017-10-07",231226
"2017-10-08",238385
"2017-10-09",296946
"2017-10-10",303101
"2017-10-11",292459
"2017-10-12",293164
"2017-10-13",309819
"2017-10-14",293140
"2017-10-15",283473
"2017-10-16",314725
"2017-10-17",334438
"2017-10-18",329579
"2017-10-19",356985
"2017-10-20",312409
"2017-10-21",312257
"2017-10-22",289131
"2017-10-23",316096
"2017-10-24",347220
"2017-10-25",315415
"2017-10-26",265827
"2017-10-27",246692
"2017-10-28",207066
"2017-10-29",334025
"2017-10-30",316077
"2017-10-31",277535
"2017-11-01",351529
"2017-11-02",341474
"2017-11-03",277598
"2017-11-04",294121
"2017-11-05",251728
"2017-11-06",271029
"2017-11-07",335636
"2017-11-08",301346
"2017-11-09",341281
"2017-11-10",271745
"2017-11-11",194634
"2017-11-12",185966
"2017-11-13",309299
"2017-11-14",271995
"2017-11-15",321788
"2017-11-16",310396
"2017-11-17",306617
"2017-11-18",270874
"2017-11-19",264855
"2017-11-20",336204
"2017-11-21",371091
"2017-11-22",312033
"2017-11-23",352207
"2017-11-24",305735
"2017-11-25",336689
"2017-11-26",329677
"2017-11-27",379256
"2017-11-28",365977
"2017-11-29",398090
"2017-11-30",384386
"2017-12-01",412908
"2017-12-02",326354
"2017-12-03",353044
"2017-12-04",400686
"2017-12-05",405709
"2017-12-06",443587
"2017-12-07",374917
"2017-12-08",385092
"2017-12-09",403399
"2017-12-10",341420
"2017-12-11",368598
"2017-12-12",372977
"2017-12-13",424579
"2017-12-14",490644
"2017-12-15",405676
"2017-12-16",364222
"2017-12-17",391910
"2017-12-18",394239
"2017-12-19",378622
"2017-12-20",370277
"2017-12-21",335482
"2017-12-22",380648
"2017-12-23",308211
"2017-12-24",279523
"2017-12-25",228926
"2017-12-26",247440
"2017-12-27",307642
"2017-12-28",305053
"2017-12-29",353824
"2017-12-30",344407
"2017-12-31",290422
"2018-01-01",241757
"2018-01-02",340980
"2018-01-03",395963
"2018-01-04",425008
"2018-01-05",342707
"2018-01-06",358847
"2018-01-07",368187
"2018-01-08",345672
"2018-01-09",360265
"2018-01-10",347393
"2018-01-11",337959
"2018-01-12",300091
"2018-01-13",265735
"2018-01-14",235045
"2018-01-15",273623
"2018-01-16",303725
"2018-01-17",315771
"2018-01-18",309495
"2018-01-19",243619
"2018-01-20",240611
"2018-01-21",215622
"2018-01-22",245562
"2018-01-23",271936
"2018-01-24",250423
"2018-01-25",236580
"2018-01-26",220459
"2018-01-27",193578
"2018-01-28",213446
"2018-01-29",232176
"2018-01-30",236609
"2018-01-31",204276
"2018-02-01",257664
"2018-02-02",235918
"2018-02-03",194891
"2018-02-04",173687
"2018-02-05",216363
"2018-02-06",244120
"2018-02-07",213719
"2018-02-08",173289
"2018-02-09",177860
"2018-02-10",181783
"2018-02-11",147208
"2018-02-12",186918
"2018-02-13",182984
"2018-02-14",196417
"2018-02-15",198183
"2018-02-16",187738
"2018-02-17",173789
"2018-02-18",159495
"2018-02-19",187367
"2018-02-20",198455
"2018-02-21",205201
"2018-02-22",183235
"2018-02-23",185193
"2018-02-24",154534
"2018-02-25",144869
"2018-02-26",186474
"2018-02-27",219624
"2018-02-28",189223
"2018-03-01",233744
"2018-03-02",195073
"2018-03-03",177024
"2018-03-04",160231
"2018-03-05",201438
"2018-03-06",206016
"2018-03-07",213978
"2018-03-08",196422
"2018-03-09",198180
"2018-03-10",156228
"2018-03-11",150884
"2018-03-12",188394
"2018-03-13",196140
"2018-03-14",191042
"2018-03-15",206186
"2018-03-16",186979
"2018-03-17",154496
"2018-03-18",164401
"2018-03-19",191528
"2018-03-20",195168
"2018-03-21",194846
"2018-03-22",185187
"2018-03-23",179818
"2018-03-24",157087
"2018-03-25",135274
"2018-03-26",187850
"2018-03-27",187065
"2018-03-28",177521
"2018-03-29",192411
"2018-03-30",185940
"2018-03-31",148617
"2018-04-01",135129
"2018-04-02",168178
"2018-04-03",198919
"2018-04-04",185710
"2018-04-05",181832
"2018-04-06",172889
"2018-04-07",154639
"2018-04-08",138535
"2018-04-09",176563
"2018-04-10",186415
"2018-04-11",183248
"2018-04-12",210879
"2018-04-13",217282
"2018-04-14",161843
"2018-04-15",174031
"2018-04-16",196106
"2018-04-17",201820
"2018-04-18",200740
"2018-04-19",213523
"2018-04-20",207777
"2018-04-21",193975
"2018-04-22",171870
"2018-04-23",226353
"2018-04-24",254493
"2018-04-25",213155
"2018-04-26",216732
"2018-04-27",211119
"2018-04-28",203681
"2018-04-29",180798
"2018-04-30",215107
"2018-05-01",199959
"2018-05-02",212296
"2018-05-03",228521
"2018-05-04",219069
"2018-05-05",202703
"2018-05-06",171761
"2018-05-07",205063
"2018-05-08",217810
"2018-05-09",206579
"2018-05-10",208961
"2018-05-11",213624
"2018-05-12",182054
"2018-05-13",158794
"2018-05-14",209697
"2018-05-15",214779
"2018-05-16",208463
"2018-05-17",192683
"2018-05-18",211496
"2018-05-19",173274
"2018-05-20",158663
"2018-05-21",202647
"2018-05-22",203337
"2018-05-23",223196
"2018-05-24",206825
"2018-05-25",196181
"2018-05-26",158783
"2018-05-27",144304
"2018-05-28",189063
"2018-05-29",204769
"2018-05-30",204077
"2018-05-31",209526
"2018-06-01",205481
"2018-06-02",174497
"2018-06-03",163443
"2018-06-04",209916
"2018-06-05",212901
"2018-06-06",206417
"2018-06-07",207627
"2018-06-08",200379
"2018-06-09",171306
"2018-06-10",179809
"2018-06-11",213196
"2018-06-12",214595
"2018-06-13",211829
"2018-06-14",210029
"2018-06-15",205861
"2018-06-16",159090
"2018-06-17",144908
"2018-06-18",196305
"2018-06-19",191805
"2018-06-20",198889
"2018-06-21",198113
"2018-06-22",204144
"2018-06-23",163295
"2018-06-24",158022
"2018-06-25",200173
"2018-06-26",195404
"2018-06-27",188510
"2018-06-28",187624
"2018-06-29",197881
"2018-06-30",181065
"2018-07-01",156247
"2018-07-02",199294
"2018-07-03",216747
"2018-07-04",206788
"2018-07-05",199600
"2018-07-06",200993
"2018-07-07",170160
"2018-07-08",155685
"2018-07-09",206546
"2018-07-10",216063
"2018-07-11",202603
"2018-07-12",203535
"2018-07-13",207904
"2018-07-14",176475
"2018-07-15",161151
"2018-07-16",207842
"2018-07-17",233966
"2018-07-18",238769
"2018-07-19",225039
"2018-07-20",225529
"2018-07-21",184803
"2018-07-22",167129
"2018-07-23",229480
"2018-07-24",259358
"2018-07-25",250208
"2018-07-26",231679
"2018-07-27",229397
"2018-07-28",188238
"2018-07-29",168407
"2018-07-30",230924
"2018-07-31",242977
"2018-08-01",241044
"2018-08-02",224873
"2018-08-03",229859
"2018-08-04",191657
"2018-08-05",172181
"2018-08-06",218607
"2018-08-07",233045
"2018-08-08",235311
"2018-08-09",222326
"2018-08-10",226148
"2018-08-11",192438
"2018-08-12",165044
"2018-08-13",222229
"2018-08-14",247622
"2018-08-15",246066
"2018-08-16",232335
"2018-08-17",233794
"2018-08-18",190935
"2018-08-19",167400
"2018-08-20",214983
"2018-08-21",217777
"2018-08-22",230333
"2018-08-23",217352
"2018-08-24",219848
"2018-08-25",196420
"2018-08-26",172747
"2018-08-27",223656
"2018-08-28",238039
"2018-08-29",237508
"2018-08-30",231391
"2018-08-31",237076
"2018-09-01",213331
"2018-09-02",187145
"2018-09-03",222897
"2018-09-04",232265
"2018-09-05",246477
"2018-09-06",252261
"2018-09-07",230790
"2018-09-08",204428
"2018-09-09",188912
"2018-09-10",222866
"2018-09-11",237571
"2018-09-12",233275
"2018-09-13",234209
"2018-09-14",223250
"2018-09-15",211071
"2018-09-16",179483
"2018-09-17",240152
"2018-09-18",244259
"2018-09-19",251037
"2018-09-20",253674
"2018-09-21",273051
"2018-09-22",225537
"2018-09-23",200319
"2018-09-24",237670
"2018-09-25",252113
"2018-09-26",243927
"2018-09-27",248686
"2018-09-28",254239
"2018-09-29",218339
"2018-09-30",208210
"2018-10-01",242820
"2018-10-02",244772
"2018-10-03",242303
"2018-10-04",243157
"2018-10-05",244719
"2018-10-06",214843
"2018-10-07",219731
"2018-10-08",248041
"2018-10-09",235862
"2018-10-10",244945
"2018-10-11",262467
"2018-10-12",243174
"2018-10-13",205097
"2018-10-14",191259
"2018-10-15",266945
"2018-10-16",257967
"2018-10-17",260362
"2018-10-18",253450
"2018-10-19",253826
"2018-10-20",227821
"2018-10-21",211505
"2018-10-22",255324
"2018-10-23",253463
"2018-10-24",254091
"2018-10-25",254599
"2018-10-26",253002
"2018-10-27",233749
"2018-10-28",219860
"2018-10-29",269754
"2018-10-30",283327
"2018-10-31",288283
"2018-11-01",281941
"2018-11-02",292704
"2018-11-03",249564
"2018-11-04",226247
"2018-11-05",293239
"2018-11-06",285451
"2018-11-07",293734
"2018-11-08",277597
"2018-11-09",283896
"2018-11-10",252499
"2018-11-11",246991
"2018-11-12",300006
"2018-11-13",279160
"2018-11-14",292755
"2018-11-15",291525
"2018-11-16",283124
"2018-11-17",262649
"2018-11-18",239803
"2018-11-19",267971
"2018-11-20",288450
"2018-11-21",254942
"2018-11-22",266116
"2018-11-23",275261
"2018-11-24",250017
"2018-11-25",239256
"2018-11-26",257062
"2018-11-27",268533
"2018-11-28",254456
"2018-11-29",246226
"2018-11-30",250157
"2018-12-01",241847
"2018-12-02",222673
"2018-12-03",240652
"2018-12-04",270189
"2018-12-05",256501
"2018-12-06",279654
"2018-12-07",253890
"2018-12-08",231104
"2018-12-09",238569
"2018-12-10",258353
"2018-12-11",251487
"2018-12-12",261423
"2018-12-13",268422
"2018-12-14",275801
"2018-12-15",262879
"2018-12-16",226453
"2018-12-17",298823
"2018-12-18",266245
"2018-12-19",302392
"2018-12-20",287273
"2018-12-21",280588
"2018-12-22",251216
"2018-12-23",250739
"2018-12-24",272297
"2018-12-25",265052
"2018-12-26",281305
"2018-12-27",300020
"2018-12-28",308267
"2018-12-29",264980
"2018-12-30",267639
"2018-12-31",259684
"2019-01-01",234725
"2019-01-02",271696
"2019-01-03",291016
"2019-01-04",281772
"2019-01-05",265192
"2019-01-06",258522
"2019-01-07",284782
"2019-01-08",318524
"2019-01-09",319056
"2019-01-10",327338
"2019-01-11",308372
"2019-01-12",281502
"2019-01-13",276997
"2019-01-14",326685
"2019-01-15",302279
"2019-01-16",305702
"2019-01-17",296695
"2019-01-18",305965
"2019-01-19",282188
"2019-01-20",294118
"2019-01-21",315202
"2019-01-22",296040
"2019-01-23",293494
"2019-01-24",308146
"2019-01-25",301085
"2019-01-26",288285
"2019-01-27",276651
"2019-01-28",308062
"2019-01-29",326162
"2019-01-30",321980
"2019-01-31",353945
"2019-02-01",339341
"2019-02-02",322032
"2019-02-03",300171
"2019-02-04",335288
"2019-02-05",354069
"2019-02-06",349596
"2019-02-07",353046
"2019-02-08",335280
"2019-02-09",310892
"2019-02-10",299609
"2019-02-11",315725
"2019-02-12",271573
"2019-02-13",352651
"2019-02-14",354483
"2019-02-15",296729
"2019-02-16",332137
"2019-02-17",327463
"2019-02-18",344274
"2019-02-19",348242
"2019-02-20",314320
"2019-02-21",297595
"2019-02-22",350306
"2019-02-23",328239
"2019-02-24",320446
"2019-02-25",336634
"2019-02-26",366568
"2019-02-27",344560
"2019-02-28",367827
"2019-03-01",354422
"2019-03-02",335864
"2019-03-03",353683
"2019-03-04",304188
"2019-03-05",285716
"2019-03-06",277863
"2019-03-07",282523
"2019-03-08",285264
"2019-03-09",239492
"2019-03-10",212877
"2019-03-11",294741
"2019-03-12",285653
"2019-03-13",285957
"2019-03-14",299929
"2019-03-15",296970
"2019-03-16",262267
"2019-03-17",227290
"2019-03-18",291505
"2019-03-19",304744
"2019-03-20",304960
"2019-03-21",300712
"2019-03-22",298524
"2019-03-23",251573
"2019-03-24",226166
"2019-03-25",322191
"2019-03-26",366415
"2019-03-27",383186
"2019-03-28",393698
"2019-03-29",369817
"2019-03-30",377783
"2019-03-31",381652
"2019-04-01",368904
"2019-04-02",401507
"2019-04-03",360250
"2019-04-04",354660
"2019-04-05",387090
"2019-04-06",359569
"2019-04-07",350631
"2019-04-08",372417
"2019-04-09",346071
"2019-04-10",396501
"2019-04-11",402802
"2019-04-12",376767
"2019-04-13",367076
"2019-04-14",337030
"2019-04-15",381473
"2019-04-16",358517
"2019-04-17",350737
"2019-04-18",382981
"2019-04-19",362128
"2019-04-20",319840
"2019-04-21",390735
"2019-04-22",342014
"2019-04-23",311753
"2019-04-24",404279
"2019-04-25",384089
"2019-04-26",381209
"2019-04-27",359008
"2019-04-28",383291
"2019-04-29",363207
"2019-04-30",346486
"2019-05-01",439549
"2019-05-02",452646
"2019-05-03",383032
"2019-05-04",355910
"2019-05-05",330732
"2019-05-06",378476
"2019-05-07",329943
"2019-05-08",393081
"2019-05-09",361569
"2019-05-10",322963
"2019-05-11",344957
"2019-05-12",338571
"2019-05-13",390428
"2019-05-14",367370
"2019-05-15",368901
"2019-05-16",375062
"2019-05-17",361654
"2019-05-18",359704
"2019-05-19",346859
"2019-05-20",381582
"2019-05-21",380889
"2019-05-22",394887
"2019-05-23",389343
"2019-05-24",373882
"2019-05-25",338398
"2019-05-26",374072
"2019-05-27",399584
"2019-05-28",390427
"2019-05-29",405155
"2019-05-30",376874
"2019-05-31",298997
"2019-06-01",332092
"2019-06-02",301003
"2019-06-03",294009
"2019-06-04",374763
"2019-06-05",372948
"2019-06-06",364526
"2019-06-07",350011
"2019-06-08",294369
"2019-06-09",300917
"2019-06-10",353629
"2019-06-11",340449
"2019-06-12",328464
"2019-06-13",364373
"2019-06-14",364383
"2019-06-15",330954
"2019-06-16",295254
"2019-06-17",321072
"2019-06-18",394843
"2019-06-19",401032
"2019-06-20",330103
"2019-06-21",337741
"2019-06-22",354075
"2019-06-23",380088
"2019-06-24",388342
"2019-06-25",361385
"2019-06-26",399624
"2019-06-27",361050
"2019-06-28",407094
"2019-06-29",356682
"2019-06-30",330731
"2019-07-01",336862
"2019-07-02",373409
"2019-07-03",397554
"2019-07-04",370704
"2019-07-05",378453
"2019-07-06",348674
"2019-07-07",313273
"2019-07-08",378966
"2019-07-09",365588
"2019-07-10",315664
"2019-07-11",325776
"2019-07-12",360899
"2019-07-13",304545
"2019-07-14",303287
"2019-07-15",349111
"2019-07-16",363337
"2019-07-17",324892
"2019-07-18",315745
"2019-07-19",299891
"2019-07-20",323002
"2019-07-21",283934
"2019-07-22",319399
"2019-07-23",320352
"2019-07-24",295589
"2019-07-25",336536
"2019-07-26",319612
"2019-07-27",283892
"2019-07-28",272974
"2019-07-29",333619
"2019-07-30",328375
"2019-07-31",361337
"2019-08-01",335943
"2019-08-02",349556
"2019-08-03",327588
"2019-08-04",298805
"2019-08-05",339136
"2019-08-06",368348
"2019-08-07",370909
"2019-08-08",336181
"2019-08-09",341125
"2019-08-10",304138
"2019-08-11",273280
"2019-08-12",297446
"2019-08-13",370747
"2019-08-14",359997
"2019-08-15",355644
"2019-08-16",323625
"2019-08-17",288256
"2019-08-18",276365
"2019-08-19",330473
"2019-08-20",333304
"2019-08-21",308808
"2019-08-22",322453
"2019-08-23",340220
"2019-08-24",304481
"2019-08-25",288934
"2019-08-26",318219
"2019-08-27",325984
"2019-08-28",341200
"2019-08-29",346734
"2019-08-30",349200
"2019-08-31",342195
"2019-09-01",285468
"2019-09-02",327248
"2019-09-03",370631
"2019-09-04",324741
"2019-09-05",352410
"2019-09-06",365531
"2019-09-07",314429
"2019-09-08",288507
"2019-09-09",316852
"2019-09-10",339858
"2019-09-11",338276
"2019-09-12",335868
"2019-09-13",308856
"2019-09-14",299894
"2019-09-15",274146
"2019-09-16",347341
"2019-09-17",343778
"2019-09-18",363185
"2019-09-19",346110
"2019-09-20",340929
"2019-09-21",336013
"2019-09-22",318713
"2019-09-23",288149
"2019-09-24",353263
"2019-09-25",347747
"2019-09-26",355775
"2019-09-27",303903
"2019-09-28",314433
"2019-09-29",285542
"2019-09-30",311396
"2019-10-01",337244
"2019-10-02",326557
"2019-10-03",326514
"2019-10-04",337222
"2019-10-05",326683
"2019-10-06",277613
"2019-10-07",328803
"2019-10-08",336354
"2019-10-09",311049
"2019-10-10",345048
"2019-10-11",345425
"2019-10-12",301693
"2019-10-13",279487
"2019-10-14",304466
"2019-10-15",339698
"2019-10-16",338473
"2019-10-17",334105
"2019-10-18",339390
"2019-10-19",304736
"2019-10-20",289796
"2019-10-21",351791
"2019-10-22",341464
"2019-10-23",349320
"2019-10-24",303843
"2019-10-25",328598
"2019-10-26",305722
"2019-10-27",256253
"2019-10-28",309611
"2019-10-29",307953
"2019-10-30",314163
"2019-10-31",293779
"2019-11-01",316187
"2019-11-02",284443
"2019-11-03",294367
"2019-11-04",310979
"2019-11-05",332839
"2019-11-06",314698
"2019-11-07",324487
"2019-11-08",311441
"2019-11-09",306163
"2019-11-10",299712
"2019-11-11",326707
"2019-11-12",301382
"2019-11-13",318945
"2019-11-14",350023
"2019-11-15",325145
"2019-11-16",283468
"2019-11-17",264370
"2019-11-18",304671
"2019-11-19",327630
"2019-11-20",321086
"2019-11-21",323954
"2019-11-22",310539
"2019-11-23",306424
"2019-11-24",267368
"2019-11-25",279470
"2019-11-26",321310
"2019-11-27",317597
"2019-11-28",309623
"2019-11-29",311290
"2019-11-30",277458
"2019-12-01",274621
"2019-12-02",314730
"2019-12-03",336512
"2019-12-04",337284
"2019-12-05",311468
"2019-12-06",315386
"2019-12-07",285284
"2019-12-08",278853
"2019-12-09",313629
"2019-12-10",320064
"2019-12-11",291248
"2019-12-12",311795
"2019-12-13",322888
"2019-12-14",293496
"2019-12-15",263441
"2019-12-16",327085
"2019-12-17",319254
"2019-12-18",314249
"2019-12-19",319555
"2019-12-20",332657
"2019-12-21",311118
"2019-12-22",281070
"2019-12-23",304845
"2019-12-24",290436
"2019-12-25",244666
"2019-12-26",296063
"2019-12-27",322204
"2019-12-28",298287
"2019-12-29",279925
"2019-12-30",324497
"2019-12-31",293447
"2020-01-01",251735
"2020-01-02",295567
"2020-01-03",316517
"2020-01-04",287215
"2020-01-05",287779
"2020-01-06",299146
"2020-01-07",344079
"2020-01-08",318019
"2020-01-09",322057
"2020-01-10",330734
"2020-01-11",309070
"2020-01-12",283136
"2020-01-13",291597
"2020-01-14",346953
"2020-01-15",332658
"2020-01-16",325947
"2020-01-17",323992
"2020-01-18",287237
"2020-01-19",283960
"2020-01-20",313661
"2020-01-21",315210
"2020-01-22",328586
"2020-01-23",329918
"2020-01-24",313887
"2020-01-25",285584
"2020-01-26",261247
"2020-01-27",279240
"2020-01-28",340052
"2020-01-29",340562
"2020-01-30",332558
"2020-01-31",334434
"2020-02-01",303724
"2020-02-02",290879
"2020-02-03",331012
"2020-02-04",309190
"2020-02-05",315370
"2020-02-06",315370
"2020-02-07",334938
"2020-02-08",318363
"2020-02-09",317070
"2020-02-10",298104
"2020-02-11",365583
"2020-02-12",344615
"2020-02-13",340081
"2020-02-14",326078
"2020-02-15",322721
"2020-02-16",292236
"2020-02-17",341491
"2020-02-18",331050
"2020-02-19",334805
"2020-02-20",316626
"2020-02-21",338484
"2020-02-22",304597
"2020-02-23",285579
"2020-02-24",328890
"2020-02-25",334593
"2020-02-26",329967
"2020-02-27",338781
"2020-02-28",368590
"2020-02-29",342821
"2020-03-01",342821
"2020-03-02",342821
"2020-03-03",342324
"2020-03-04",358745
"2020-03-05",349529
"2020-03-06",338383
"2020-03-07",313312
"2020-03-08",302694
"2020-03-09",348211
"2020-03-10",329698
"2020-03-11",287492
"2020-03-12",349978
"2020-03-13",276798
"2020-03-14",279828
"2020-03-15",223230
"2020-03-16",270399
"2020-03-17",278326
"2020-03-18",231254
"2020-03-19",265689
"2020-03-20",284594
"2020-03-21",245896
"2020-03-22",209154
"2020-03-23",259816
"2020-03-24",278131
"2020-03-25",218176
"2020-03-26",292828
"2020-03-27",276546
"2020-03-28",240627
"2020-03-29",232820
"2020-03-30",276828
"2020-03-31",290227
"2020-04-01",281855
"2020-04-02",299176
"2020-04-03",278763
"2020-04-04",253274
"2020-04-05",240259
"2020-04-06",280470
"2020-04-07",312770
"2020-04-08",286563
"2020-04-09",286706
"2020-04-10",288585
"2020-04-11",247852
"2020-04-12",228529
"2020-04-13",288113
"2020-04-14",299391
"2020-04-15",310253
"2020-04-16",322903
"2020-04-17",284222
"2020-04-18",289134
"2020-04-19",251984
"2020-04-20",310810
"2020-04-21",310851
"2020-04-22",278755
"2020-04-23",329045
"2020-04-24",320055
"2020-04-25",280805
"2020-04-26",252833
"2020-04-27",311217
"2020-04-28",323475
"2020-04-29",331401
"2020-04-30",321972
"2020-05-01",340574
"2020-05-02",286773
"2020-05-03",281752
"2020-05-04",326098
"2020-05-05",329075
"2020-05-06",333395
"2020-05-07",341986
"2020-05-08",323625
"2020-05-09",312399
"2020-05-10",286789
"2020-05-11",305839
"2020-05-12",345215
"2020-05-13",296796
"2020-05-14",268750
"2020-05-15",310642
"2020-05-16",296555
"2020-05-17",236808
"2020-05-18",273723
"2020-05-19",274897
"2020-05-20",280037
"2020-05-21",298483
"2020-05-22",278784
"2020-05-23",269230
"2020-05-24",214530
"2020-05-25",265875
"2020-05-26",295782
"2020-05-27",292927
"2020-05-28",299910
"2020-05-29",280960
"2020-05-30",286046
"2020-05-31",258427
"2020-06-01",308312
"2020-06-02",304114
"2020-06-03",314000
"2020-06-04",318285
"2020-06-05",327082
"2020-06-06",284873
"2020-06-07",252368
"2020-06-08",317275
"2020-06-09",327074
"2020-06-10",325163
"2020-06-11",332490
"2020-06-12",318274
"2020-06-13",280181
"2020-06-14",275723
"2020-06-15",294468
"2020-06-16",340517
"2020-06-17",333547
"2020-06-18",283897
"2020-06-19",344142
"2020-06-20",284123
"2020-06-21",259440
"2020-06-22",301396
"2020-06-23",355256
"2020-06-24",312321
"2020-06-25",312183
"2020-06-26",330381
"2020-06-27",275489
"2020-06-28",264909
"2020-06-29",315424
"2020-06-30",299733
"2020-07-01",382570
"2020-07-02",339469
"2020-07-03",331009
"2020-07-04",288647
"2020-07-05",274104
"2020-07-06",338767
"2020-07-07",345975
"2020-07-08",347455
"2020-07-09",362718
"2020-07-10",345996
"2020-07-11",306771
"2020-07-12",282364
"2020-07-13",310227
"2020-07-14",359847
"2020-07-15",316064
"2020-07-16",345849
"2020-07-17",293907
"2020-07-18",311022
"2020-07-19",277093
"2020-07-20",309747
"2020-07-21",312871
"2020-07-22",364792
"2020-07-23",336245
"2020-07-24",369432
"2020-07-25",293883
"2020-07-26",298580
"2020-07-27",326769
"2020-07-28",354742
"2020-07-29",346521
"2020-07-30",327789
"2020-07-31",356906
"2020-08-01",296705
"2020-08-02",287869
"2020-08-03",333753
"2020-08-04",329032
"2020-08-05",291814
"2020-08-06",356612
"2020-08-07",326499
"2020-08-08",283631
"2020-08-09",268402
"2020-08-10",308367
"2020-08-11",349952
"2020-08-12",346405
"2020-08-13",325346
"2020-08-14",365679
"2020-08-15",313760
"2020-08-16",285069
"2020-08-17",292944
"2020-08-18",346036
"2020-08-19",333879
"2020-08-20",333683
"2020-08-21",314297
"2020-08-22",311699
"2020-08-23",288728
"2020-08-24",329133
"2020-08-25",304409
"2020-08-26",324184
"2020-08-27",328157
"2020-08-28",352722
"2020-08-29",292783
"2020-08-30",269114
"2020-08-31",302920
"2020-09-01",376508
"2020-09-02",317449
"2020-09-03",310922
"2020-09-04",298286
"2020-09-05",325523
"2020-09-06",262820
"2020-09-07",327662
"2020-09-08",332668
"2020-09-09",314864
"2020-09-10",345981
"2020-09-11",308323
"2020-09-12",300152
"2020-09-13",255110
"2020-09-14",354020
"2020-09-15",332957
"2020-09-16",342609
"2020-09-17",348581
"2020-09-18",325157
"2020-09-19",296357
"2020-09-20",259095
"2020-09-21",297605
"2020-09-22",312989
"2020-09-23",349938
"2020-09-24",316552
"2020-09-25",353070
"2020-09-26",276162
"2020-09-27",259382
"2020-09-28",295476
"2020-09-29",347696
"2020-09-30",351417
"2020-10-01",304757
"2020-10-02",315443
"2020-10-03",310855
"2020-10-04",268019
"2020-10-05",294986
"2020-10-06",317922
"2020-10-07",370554
"2020-10-08",330227
"2020-10-09",339343
"2020-10-10",298486
"2020-10-11",256096
"2020-10-12",314174
"2020-10-13",333215
"2020-10-14",314541
"2020-10-15",340993
"2020-10-16",324647
"2020-10-17",275069
"2020-10-18",231557
"2020-10-19",303929
"2020-10-20",330563
"2020-10-21",311292
"2020-10-22",339087
"2020-10-23",323869
"2020-10-24",306774
"2020-10-25",242273
"2020-10-26",252494
"2020-10-27",251938
"2020-10-28",261340
"2020-10-29",276070
"2020-10-30",268364
"2020-10-31",275796
"2020-11-01",276280
"2020-11-02",224609
"2020-11-03",331673
"2020-11-04",320697
"2020-11-05",318668
"2020-11-06",340351
"2020-11-07",270901
"2020-11-08",243047
"2020-11-09",326383
"2020-11-10",303270
"2020-11-11",322277
"2020-11-12",324855
"2020-11-13",300040
"2020-11-14",273511
"2020-11-15",252715
"2020-11-16",311477
"2020-11-17",347772
"2020-11-18",362007
"2020-11-19",311061
"2020-11-20",348026
"2020-11-21",311189
"2020-11-22",271125
"2020-11-23",297840
"2020-11-24",333293
"2020-11-25",361990
"2020-11-26",323975
"2020-11-27",322445
"2020-11-28",293949
"2020-11-29",263573
"2020-11-30",256551
"2020-12-01",378068
"2020-12-02",327019
"2020-12-03",346921
"2020-12-04",318894
"2020-12-05",282599
"2020-12-06",258624
"2020-12-07",300906
"2020-12-08",330970
"2020-12-09",321079
"2020-12-10",313649
"2020-12-11",304735
"2020-12-12",295410
"2020-12-13",276160
"2020-12-14",314350
"2020-12-15",320440
"2020-12-16",315217
"2020-12-17",309481
"2020-12-18",375549
"2020-12-19",343536
"2020-12-20",282043
"2020-12-21",269834
"2020-12-22",324163
"2020-12-23",338463
"2020-12-24",269559
"2020-12-25",303901
"2020-12-26",273954
"2020-12-27",309005
"2020-12-28",308983
"2020-12-29",336311
"2020-12-30",338258
"2020-12-31",344918
"2021-01-01",258080
"2021-01-02",297111
"2021-01-03",359116
"2021-01-04",373734
"2021-01-05",354091
"2021-01-06",397384
"2021-01-07",401744
"2021-01-08",358526
"2021-01-09",321389
"2021-01-10",331865
"2021-01-11",333958
"2021-01-12",336627
"2021-01-13",319167
"2021-01-14",338809
"2021-01-15",344002
"2021-01-16",308461
"2021-01-17",271874
"2021-01-18",313816
"2021-01-19",325083
"2021-01-20",314809
"2021-01-21",290754
"2021-01-22",326935
"2021-01-23",305209
"2021-01-24",253971
"2021-01-25",309102
"2021-01-26",336935
"2021-01-27",323553
"2021-01-28",325146
"2021-01-29",341036
"2021-01-30",312313
"2021-01-31",290753
"2021-02-01",280863
"2021-02-02",364551
"2021-02-03",344425
"2021-02-04",367788
"2021-02-05",360541
"2021-02-06",333886
"2021-02-07",286364
"2021-02-08",335223
"2021-02-09",360137
"2021-02-10",340758
"2021-02-11",304739
"2021-02-12",343306
"2021-02-13",336624
"2021-02-14",298254
"2021-02-15",308496
"2021-02-16",296388
"2021-02-17",317666
"2021-02-18",316952
"2021-02-19",341586
"2021-02-20",320475
"2021-02-21",271645
"2021-02-22",285383
"2021-02-23",287884
"2021-02-24",358092
"2021-02-25",326116
"2021-02-26",306416
"2021-02-27",320784
"2021-02-28",254316
"2021-03-01",280485
"2021-03-02",338150
"2021-03-03",333402
"2021-03-04",289631
"2021-03-05",317780
"2021-03-06",287963
"2021-03-07",260739
"2021-03-08",291955
"2021-03-09",299682
"2021-03-10",344688
"2021-03-11",291245
"2021-03-12",320744
"2021-03-13",277072
"2021-03-14",308050
"2021-03-15",292231
"2021-03-16",319493
"2021-03-17",296119
"2021-03-18",331718
"2021-03-19",316180
"2021-03-20",286948
"2021-03-21",234936
"2021-03-22",297410
"2021-03-23",314234
"2021-03-24",305093
"2021-03-25",318562
"2021-03-26",293610
"2021-03-27",288259
"2021-03-28",248605
"2021-03-29",303305
"2021-03-30",321090
"2021-03-31",332749
"2021-04-01",311939
"2021-04-02",305788
"2021-04-03",281717
"2021-04-04",246007
"2021-04-05",289046
"2021-04-06",309565
"2021-04-07",321319
"2021-04-08",278534
"2021-04-09",324720
"2021-04-10",299086
"2021-04-11",253449
"2021-04-12",291369
"2021-04-13",310213
"2021-04-14",297494
"2021-04-15",359440
"2021-04-16",219704
"2021-04-17",194580
"2021-04-18",274735
"2021-04-19",208413
"2021-04-20",279977
"2021-04-21",226021
"2021-04-22",274610
"2021-04-23",295731
"2021-04-24",290690
"2021-04-25",241041
"2021-04-26",240687
"2021-04-27",298109
"2021-04-28",277126
"2021-04-29",259465
"2021-04-30",289389
"2021-05-01",262991
"2021-05-02",235214
"2021-05-03",287007
"2021-05-04",300824
"2021-05-05",309774
"2021-05-06",311380
"2021-05-07",307988
"2021-05-08",274691
"2021-05-09",247866
"2021-05-10",303297
"2021-05-11",312115
"2021-05-12",300452
"2021-05-13",276472
"2021-05-14",266055
"2021-05-15",232099
"2021-05-16",219435
"2021-05-17",250910
"2021-05-18",221018
"2021-05-19",263419
"2021-05-20",228039
"2021-05-21",226351
"2021-05-22",223800
"2021-05-23",194320
"2021-05-24",234755
"2021-05-25",233644
"2021-05-26",230753
"2021-05-27",214035
"2021-05-28",218311
"2021-05-29",198332
"2021-05-30",179795
"2021-05-31",226469
"2021-06-01",234561
"2021-06-02",250589
"2021-06-03",255621
"2021-06-04",236672
"2021-06-05",194580
"2021-06-06",185305
"2021-06-07",235479
"2021-06-08",246906
"2021-06-09",210911
"2021-06-10",252983
"2021-06-11",216502
"2021-06-12",222774
"2021-06-13",187098
"2021-06-14",242416
"2021-06-15",241861
"2021-06-16",252937
"2021-06-17",237725
"2021-06-18",222918
"2021-06-19",187042
"2021-06-20",167249
"2021-06-21",205050
"2021-06-22",196523
"2021-06-23",232704
"2021-06-24",233278
"2021-06-25",218245
"2021-06-26",181628
"2021-06-27",124640
"2021-06-28",217898
"2021-06-29",205616
"2021-06-30",218734
"2021-07-01",230253
"2021-07-02",188568
"2021-07-03",237463
"2021-07-04",171850
"2021-07-05",223760
"2021-07-06",228279
"2021-07-07",221227
"2021-07-08",230719
"2021-07-09",227511
"2021-07-10",187263
"2021-07-11",166144
"2021-07-12",220269
"2021-07-13",229916
"2021-07-14",236217
"2021-07-15",226234
"2021-07-16",223466
"2021-07-17",182047
"2021-07-18",161122
"2021-07-19",226803
"2021-07-20",230509
"2021-07-21",235680
"2021-07-22",230282
"2021-07-23",231130
"2021-07-24",198091
"2021-07-25",174535
"2021-07-26",261950
"2021-07-27",255221
"2021-07-28",251223
"2021-07-29",262612
"2021-07-30",255417
"2021-07-31",207348
"2021-08-01",185157
"2021-08-02",239277
"2021-08-03",246198
"2021-08-04",239596
"2021-08-05",246175
"2021-08-06",260810
"2021-08-07",212229
"2021-08-08",191623
"2021-08-09",252660
"2021-08-10",260968
"2021-08-11",262437
"2021-08-12",250961
"2021-08-13",260624
"2021-08-14",209074
"2021-08-15",186239
"2021-08-16",263529
"2021-08-17",257766
"2021-08-18",247333
"2021-08-19",253447
"2021-08-20",271837
"2021-08-21",219407
"2021-08-22",190631
"2021-08-23",270736
"2021-08-24",263984
"2021-08-25",263009
"2021-08-26",258590
"2021-08-27",256813
"2021-08-28",218268
"2021-08-29",191650
"2021-08-30",250955
"2021-08-31",271163
"2021-09-01",280865
"2021-09-02",289900
"2021-09-03",283991
"2021-09-04",227732
"2021-09-05",205066
"2021-09-06",268877
"2021-09-07",276624
"2021-09-08",270483
"2021-09-09",274384
"2021-09-10",261371
"2021-09-11",218445
"2021-09-12",192691
"2021-09-13",255970
"2021-09-14",268127
"2021-09-15",268957
"2021-09-16",271223
"2021-09-17",271040
"2021-09-18",227661
"2021-09-19",200516
"2021-09-20",270233
"2021-09-21",244568
"2021-09-22",275235
"2021-09-23",268689
"2021-09-24",277565
"2021-09-25",212575
"2021-09-26",195560
"2021-09-27",255873
"2021-09-28",262292
"2021-09-29",241991
"2021-09-30",293074
"2021-10-01",277042
"2021-10-02",259961
"2021-10-03",218112
"2021-10-04",268955
"2021-10-05",312538
"2021-10-06",267749
"2021-10-07",325875
"2021-10-08",280028
"2021-10-09",246189
"2021-10-10",211506
"2021-10-11",280184
"2021-10-12",274155
"2021-10-13",288916
